_id,count
did:plc:k33x65p6lhf6mswwxcpzpa6l,12015
did:plc:vvoar5jz2p4zfs5xfaob3ewl,6832
did:plc:6ogneq3y6sew2cwjyi2wslm4,6241
did:plc:o6ggjvnj4ze3mnrpnv5oravg,5658
did:plc:i53e6y3liw2oaw4s6e6odw5m,4267
did:plc:mnq7rvrlqls4gzh6eo6kzhkg,3865
did:plc:3cjewjzjxyjp6v7zib4op4l5,3074
did:plc:4zopdgl2afmydmp5rrin56cv,2628
did:plc:iw7f7zll6xwb4ulmzjhgnrzg,2544
did:plc:qcwhrvzx6wmi5hz775uyi6fh,2187
did:plc:65r3dy2t6xfuwidxmzvctvsh,2025
did:plc:6vwzq6ohuaspqpg3sa6ebsgw,1938
did:plc:26t2me6brgrdzuvb7drcoil5,1883
did:plc:ajk7weaqmweyxtoyiyai3szq,1846
did:plc:4hhkkh25e523w3hipgpkf3bh,1202
did:plc:nr4ky3sfnfdfyqihvgo3yhhk,1139
did:plc:mnmzpxebkmcg6rjchfgitc6c,1065
did:plc:pvjjztewolztnjdtdmsu4kjt,1024
did:plc:c4gzkrxtgj6ap77xngq2xbiu,968
did:plc:rqguygsoelhyqast3w6nocn3,899
did:plc:mnkadilfwykwaz65bsyfi6j6,855
did:plc:oag62syeramadgfv57dlk2vr,751
did:plc:fmi3jbndmqvweizu77hnozdy,724
did:plc:oye4xbhmn75wccbhntxuqmuo,719
did:plc:mbz7u54y4mfoz4fjymh4gyqb,704
did:plc:at2vjbbos2pzzhrzpjrmv4i6,704
did:plc:bghb2tz2tc4gvhy7j7a5xb6p,701
did:plc:qvkitlnk74oeq65dpiyczg5l,701
did:plc:kiapuhawh5r2jhv5c7ln6a6g,700
did:plc:voa5jj4mjj2u76o7cp6qanjz,697
did:plc:hhw3qrlmoes7j74yjrbep2fv,654
did:plc:rus7u5pcqdscpzjjrkutlr7l,646
did:plc:bxbou45dh7mhgrkiefnp6jve,627
did:plc:mg5ozsljpp6t5b4lvwys4t72,626
did:plc:khlgqokfbekwh3a25ogfnjq3,600
did:plc:hslirr7h6d7livppaxty435b,600
did:plc:mhqnbglrgmwiuz3kgexbi7uf,555
did:plc:53jn22icvhn35fyo3srq7e4f,544
did:plc:3ss3yn2jx5kvde3sx6nyiaqz,541
did:plc:vdb6gif7jcjcycc3ctcq4d4s,534
did:plc:mg4pvv3xwuiuqsco52mmnxrz,531
did:plc:74cu5sasxfe75x2kbrgwvvg5,507
did:plc:j2gtlpxqu4urchdcnju25cks,507
did:plc:nzfbapiqifmed5fqfz2wc5af,504
did:plc:oh2ebejz5ccu4gkysv7r3qes,494
did:plc:znls5u2546qanexftoxul5xo,490
did:plc:umectgifhpcdlixoyfqci2jx,476
did:plc:ion3hk7cfwww4ogghghhczfb,475
did:plc:f3nzfgzvc57ul7bnolhhih4q,466
did:plc:hs5t5tpcot37iaawhaq7w5w7,464
did:plc:msian4dqa2rqalf3biilnf3m,461
did:plc:plgjd4dkx4aoc32ahy4qqf27,459
did:plc:ynbscw644x7ovpgse3wx4qar,454
did:plc:c2vrjz6bqaqtwh46qtg6ibsl,447
did:plc:onosb7hressea4vw5yyiajsk,447
did:plc:uld74vzf773y7ovqqm2jfaft,445
did:plc:wjucla6a6x6fvly5jwced5sz,443
did:plc:hp63vsxgqr575rq2rgmutzim,442
did:plc:z6roxesjojqpep6zud4ia4ej,439
did:plc:ogfdkk4gfxjol2s66y6fbfxz,431
did:plc:dnsyqntwu5eztzjmhdhx6ws4,415
did:plc:ibkalorxndz2r7lotcaars3h,414
did:plc:4xhmehz5zokyl44jfjgevqzt,412
did:plc:4vsww6rhxujyrsd3h7z24xj7,412
did:plc:43fdk46qa5gsokzygzildsaq,411
did:plc:pelfsfvf3lcrvquzif54rbnq,407
did:plc:24p7kazeyrus3rmo5j4itqyc,401
did:plc:z7t6gmjxbsaea3gp7q67kpeh,397
did:plc:5h53hpva3mds36um35vxny4m,391
did:plc:nlu4psqeoqzp2a37vkg4btxw,384
did:plc:7a5ktmhbrp5htayvw3mchhp6,382
did:plc:gqdl4lijqgmwpyelfmrhozau,379
did:plc:4xtbdet5keuguykxvcuil4z7,371
did:plc:ei4l5txjlr6nghixa4of5rmu,366
did:plc:kzmukwaf72iwepygposicgt3,365
did:plc:z2lprhiuj42uwy3b3dywyg36,356
did:plc:lgxwokjfnegutejxknkdpqwj,355
did:plc:vjr7alppw4htiuieppbc5ow3,351
did:plc:xlulqhjwqq6alvjkht57sbm5,350
did:plc:hh7jwr3vgpojfulwekw36zms,347
did:plc:2loweh7wjbpqka64a77bwu6p,347
did:plc:gi6gydeibb64wvhwm6tehjht,340
did:plc:5g5w6trzfbpnqukyonaugz6m,332
did:plc:pjcek5qaoamijpmedlmbzwrg,331
did:plc:tfrxjhiynt3kaq2qjoxea6e5,331
did:plc:mxxi5ikigjrlcforff7g7z5j,328
did:plc:cba3efxpxl5i6igljsup7ndx,326
did:plc:kpsj6qfm74thopraabdrsvpe,316
did:plc:mwlzey3sttvtzgjtfci54ub3,313
did:plc:h54uk2py46v7pm6z3twvs3uc,312
did:plc:jlukm7bp4meyi2pd5gkh3nn6,312
did:plc:twupxtvdxz4hanb4daiqngm7,311
did:plc:2kpknvq67bwhmfucs4zmn2sc,307
did:plc:73um2ouzfr7e2h24gdwuxm6n,306
did:plc:2gp3m6bnzqynpqq4nlwto5ar,304
did:plc:pavt775rsubl35v2xvktuzks,302
did:plc:b4nxdtkio2vqjfoy24fp36lc,301
did:plc:xa3xfcxqzgi7bkhskrpcafy6,300
did:plc:x4lsudwmcbbvygwavdi7qssk,300
did:plc:csavaxh22gpbxsn65pd6a66l,297
